<?xml version="1.0" encoding="UTF-8"?>
<beans xmlns="http://www.springframework.org/schema/beans" xmlns:context="http://www.springframework.org/schema/context" xmlns:xsi="http://www.w3.org/2001/XMLSchema-instance" xsi:schemaLocation=" http://www.springframework.org/schema/beans  http://www.springframework.org/schema/beans/spring-beans-3.0.xsd http://www.springframework.org/schema/context  http://www.springframework.org/schema/context/spring-context-3.0.xsd">
    <context:component-scan base-package="com.arya" />
    <context:annotation-config />
   
    <bean id="userdao" class="com.arya.dao.UserdaoImpl" />
    <bean id="jdbcTemplate" class="org.springframework.jdbc.core.JdbcTemplate">
        <property name="dataSource" ref="dataSource" />
    </bean>
  
  
    <bean id="admindao" class="com.arya.dao.AdmindaoImpl"></bean>
    <bean id="Doctordao" class="com.arya.dao.DoctordaoImpl"></bean>
    <bean id="Staffdao" class="com.arya.dao.StaffdaoImpl"></bean>
    <bean id="Inventorydao" class="com.arya.dao.InventorydaoImpl"></bean>
    <bean id="Productdao" class="com.arya.dao.ProductdaoImpl"></bean>
    <bean id="Pharmadao" class="com.arya.dao.PharmadaoImpl"></bean>
    
</beans>